,Location,Latitude,Longitude,SeverityScore,IncidentsTotal
1,POINT(-79.32588 43.72413),43.724,-79.326,0.052,47
2,POINT(-79.54858 43.61374),43.614,-79.549,0.028,184
3,POINT(-79.44269 43.69732),43.697,-79.443,0.037,33
5,POINT(-79.5555 43.6086),43.609,-79.555,0.022,89
8,POINT(-79.53611 43.72939),43.729,-79.536,0.177,295
9,POINT(-79.46226 43.74808),43.748,-79.462,0.029,39
10,POINT(-79.60355 43.71932),43.719,-79.604,0.083,117
11,POINT(-79.28331 43.77208),43.772,-79.283,0.087,113
37,POINT(-79.5264 43.65191),43.652,-79.526,0.025,12
38,POINT(-79.48457 43.73721),43.737,-79.485,0.051,12
39,POINT(-79.57872 43.70865),43.709,-79.579,0.041,13
40,POINT(-79.4032 43.72891),43.729,-79.403,0.021,14
43,POINT(-79.38775 43.6657),43.666,-79.388,0.036,15
45,POINT(-79.5175 43.75725),43.757,-79.517,0.053,16
47,POINT(-79.28874 43.73072),43.731,-79.289,0.02,17
49,POINT(-79.36338 43.65354),43.654,-79.363,0.022,18
50,POINT(-79.58938 43.71579),43.716,-79.589,0.025,19
51,POINT(-79.19797 43.79802),43.798,-79.198,0.033,20
55,POINT(-79.5716 43.69315),43.693,-79.572,0.065,75
57,POINT(-79.53874 43.73616),43.736,-79.539,0.062,30
59,POINT(-79.53076 43.71427),43.714,-79.531,0.022,387
61,POINT(-79.25645 43.78523),43.785,-79.256,0.021,49
62,POINT(-79.25875 43.78963),43.79,-79.259,0.035,87
65,POINT(-79.27515 43.74957),43.75,-79.275,0.029,54
106,POINT(-79.27515 43.83099),43.831,-79.275,0.021,18
107,POINT(-79.40672 43.74413),43.744,-79.407,0.025,18
109,POINT(-79.4905 43.76182),43.762,-79.49,0.058,26
110,POINT(-79.53506 43.71126),43.711,-79.535,0.023,26
111,POINT(-79.49467 43.77818),43.778,-79.495,0.043,26
112,POINT(-79.27157 43.76173),43.762,-79.272,0.231,31
114,POINT(-79.47808 43.70858),43.709,-79.478,0.035,93
116,POINT(-79.3865 43.6507),43.651,-79.386,0.042,134
118,POINT(-79.55838 43.60639),43.606,-79.558,0.024,191
119,POINT(-79.48426 43.73609),43.736,-79.484,0.066,43
123,POINT(-79.237 43.78952),43.79,-79.237,0.027,126
124,POINT(-79.49098 43.76341),43.763,-79.491,0.027,37
161,POINT(-79.35401 43.77357),43.774,-79.354,0.031,10
165,POINT(-79.50061 43.6122),43.612,-79.501,0.027,11
169,POINT(-79.37581 43.66057),43.661,-79.376,0.021,13
170,POINT(-79.56521 43.73718),43.737,-79.565,0.02,15
171,POINT(-79.55299 43.62901),43.629,-79.553,0.079,15
173,POINT(-79.39495 43.765),43.765,-79.395,0.047,16
175,POINT(-79.38362 43.64651),43.647,-79.384,0.021,17
176,POINT(-79.54336 43.63286),43.633,-79.543,0.064,19
177,POINT(-79.29576 43.70874),43.709,-79.296,0.024,20
213,POINT(-79.399 43.68086),43.681,-79.399,0.028,11
217,POINT(-79.36033 43.70283),43.703,-79.36,0.02,13
224,POINT(-79.36056 43.67571),43.676,-79.361,0.021,17
229,POINT(-79.53366 43.70815),43.708,-79.534,0.025,33
233,POINT(-79.46777 43.7726),43.773,-79.468,0.056,36
277,POINT(-79.37788 43.71558),43.716,-79.378,0.045,12
279,POINT(-79.31374 43.75824),43.758,-79.314,0.026,13
286,POINT(-79.29571 43.74514),43.745,-79.296,0.034,19
288,POINT(-79.57779 43.70699),43.707,-79.578,0.021,28
290,POINT(-79.48218 43.72656),43.727,-79.482,0.022,56
292,POINT(-79.51331 43.69914),43.699,-79.513,0.178,68
293,POINT(-79.4657 43.76333),43.763,-79.466,0.032,30
294,POINT(-79.50151 43.66482),43.665,-79.502,0.158,161
296,POINT(-79.35074 43.64953),43.65,-79.351,0.083,212
298,POINT(-79.29995 43.82538),43.825,-79.3,0.09,70
299,POINT(-79.46463 43.66568),43.666,-79.465,0.022,40
339,POINT(-79.33119 43.65788),43.658,-79.331,0.024,14
342,POINT(-79.48569 43.74169),43.742,-79.486,0.023,15
345,POINT(-79.52707 43.62149),43.621,-79.527,0.021,18
347,POINT(-79.43291 43.73298),43.733,-79.433,0.065,22
349,POINT(-79.4414 43.71668),43.717,-79.441,0.025,24
351,POINT(-79.42869 43.6424),43.642,-79.429,0.048,28
352,POINT(-79.29168 43.80243),43.802,-79.292,0.795,126
353,POINT(-79.42498 43.74117),43.741,-79.425,0.089,1490
356,POINT(-79.35201 43.71632),43.716,-79.352,0.087,89
401,POINT(-79.43086 43.72469),43.725,-79.431,0.02,10
402,POINT(-79.329 43.77484),43.775,-79.329,0.028,12
404,POINT(-79.2728 43.74399),43.744,-79.273,0.148,12
405,POINT(-79.41247 43.76723),43.767,-79.412,0.025,13
412,POINT(-79.53977 43.74026),43.74,-79.54,0.03,17
413,POINT(-79.488 43.70622),43.706,-79.488,0.024,17
414,POINT(-79.45416 43.63978),43.64,-79.454,0.023,20
418,POINT(-79.29138 43.73706),43.737,-79.291,0.09,26
420,POINT(-79.46659 43.76732),43.767,-79.467,0.029,28
421,POINT(-79.53358 43.7348),43.735,-79.534,0.066,46
423,POINT(-79.52974 43.61739),43.617,-79.53,0.055,469
425,POINT(-79.58438 43.71023),43.71,-79.584,1.753,50
429,POINT(-79.25321 43.7264),43.726,-79.253,0.077,31
464,POINT(-79.42993 43.77658),43.777,-79.43,0.058,10
468,POINT(-79.40973 43.70437),43.704,-79.41,0.042,12
469,POINT(-79.54721 43.63097),43.631,-79.547,0.029,13
471,POINT(-79.55233 43.63804),43.638,-79.552,0.038,15
474,POINT(-79.26692 43.80787),43.808,-79.267,0.025,16
476,POINT(-79.34991 43.79384),43.794,-79.35,0.057,18
481,POINT(-79.37875 43.72087),43.721,-79.379,0.04,25
483,POINT(-79.28976 43.78668),43.787,-79.29,0.099,26
485,POINT(-79.53719 43.71337),43.713,-79.537,0.022,126
487,POINT(-79.45239 43.65629),43.656,-79.452,0.044,67
491,POINT(-79.48523 43.73996),43.74,-79.485,0.048,33
494,POINT(-79.55569 43.71642),43.716,-79.556,0.074,65
496,POINT(-79.18191 43.75811),43.758,-79.182,1.035,142
497,POINT(-79.48163 43.72473),43.725,-79.482,0.027,109
527,POINT(-79.37434 43.64207),43.642,-79.374,0.032,14
530,POINT(-79.46528 43.76181),43.762,-79.465,0.063,23
531,POINT(-79.46348 43.75074),43.751,-79.463,0.02,27
534,POINT(-79.44553 43.79244),43.792,-79.446,0.029,34
538,POINT(-79.48008 43.71801),43.718,-79.48,0.031,36
540,POINT(-79.54053 43.74357),43.744,-79.541,0.067,34
541,POINT(-79.44034 43.69779),43.698,-79.44,0.068,66
543,POINT(-79.50714 43.71545),43.715,-79.507,0.023,33
571,POINT(-79.46039 43.65574),43.656,-79.46,0.035,10
573,POINT(-79.34121 43.8157),43.816,-79.341,0.02,12
575,POINT(-79.44676 43.66676),43.667,-79.447,0.02,13
576,POINT(-79.45603 43.6444),43.644,-79.456,0.051,13
578,POINT(-79.4221 43.70179),43.702,-79.422,0.022,14
584,POINT(-79.38348 43.65479),43.655,-79.383,0.021,20
585,POINT(-79.46927 43.69151),43.692,-79.469,0.032,21
588,POINT(-79.40457 43.7343),43.734,-79.405,0.022,27
589,POINT(-79.30147 43.68771),43.688,-79.301,0.068,37
590,POINT(-79.27223 43.76339),43.763,-79.272,0.123,49
593,POINT(-79.44311 43.67806),43.678,-79.443,0.038,47
594,POINT(-79.5503 43.70988),43.71,-79.55,0.021,510
597,POINT(-79.50927 43.72394),43.724,-79.509,0.121,69
635,POINT(-79.28052 43.72925),43.729,-79.281,0.03,11
636,POINT(-79.60329 43.74351),43.744,-79.603,0.037,11
639,POINT(-79.38199 43.64359),43.644,-79.382,0.037,12
640,POINT(-79.48589 43.74293),43.743,-79.486,0.024,16
641,POINT(-79.46597 43.63592),43.636,-79.466,0.021,18
643,POINT(-79.24484 43.75395),43.754,-79.245,0.036,20
647,POINT(-79.54212 43.75101),43.751,-79.542,0.037,25
651,POINT(-79.48227 43.72774),43.728,-79.482,0.034,42
658,POINT(-79.33873 43.72068),43.721,-79.339,0.021,42
659,POINT(-79.19364 43.78638),43.786,-79.194,0.067,31
701,POINT(-79.52925 43.62709),43.627,-79.529,0.02,10
706,POINT(-79.46644 43.66994),43.67,-79.466,0.024,12
708,POINT(-79.4321 43.63178),43.632,-79.432,0.025,14
709,POINT(-79.49402 43.67277),43.673,-79.494,0.025,14
711,POINT(-79.24619 43.73718),43.737,-79.246,0.037,17
715,POINT(-79.51702 43.70005),43.7,-79.517,0.035,20
717,POINT(-79.53726 43.75529),43.755,-79.537,0.022,22
718,POINT(-79.42112 43.73863),43.739,-79.421,0.031,22
719,POINT(-79.23712 43.81415),43.814,-79.237,0.041,28
721,POINT(-79.37806 43.71666),43.717,-79.378,0.047,47
722,POINT(-79.33711 43.69611),43.696,-79.337,0.038,40
723,POINT(-79.57724 43.69018),43.69,-79.577,0.054,53
726,POINT(-79.52414 43.75604),43.756,-79.524,0.026,63
727,POINT(-79.32173 43.7254),43.725,-79.322,0.063,32
730,POINT(-79.34692 43.65107),43.651,-79.347,0.079,374
731,POINT(-79.60203 43.71895),43.719,-79.602,0.049,40
732,POINT(-79.35745 43.64911),43.649,-79.357,0.023,213
767,POINT(-79.57303 43.64328),43.643,-79.573,0.052,10
768,POINT(-79.37246 43.66148),43.661,-79.372,0.036,11
774,POINT(-79.42778 43.70042),43.7,-79.428,0.034,13
781,POINT(-79.50219 43.69745),43.697,-79.502,0.022,21
782,POINT(-79.29175 43.7097),43.71,-79.292,0.038,26
783,POINT(-79.26448 43.69166),43.692,-79.264,0.073,28
784,POINT(-79.52135 43.6396),43.64,-79.521,0.102,40
786,POINT(-79.36996 43.64553),43.646,-79.37,0.025,172
787,POINT(-79.4596 43.6384),43.638,-79.46,0.023,124
789,POINT(-79.5197 43.76594),43.766,-79.52,0.269,95
793,POINT(-79.30943 43.74117),43.741,-79.309,0.045,69
794,POINT(-79.29611 43.80072),43.801,-79.296,0.036,35
845,POINT(-79.58558 43.70936),43.709,-79.586,0.077,18
848,POINT(-79.26443 43.82752),43.828,-79.264,0.216,22
855,POINT(-79.55787 43.63246),43.632,-79.558,0.028,317
859,POINT(-79.47432 43.63261),43.633,-79.474,0.024,168
860,POINT(-79.63349 43.75126),43.751,-79.633,0.124,151
861,POINT(-79.28104 43.76611),43.766,-79.281,0.021,62
899,POINT(-79.44555 43.78379),43.784,-79.446,0.024,12
900,POINT(-79.27524 43.81722),43.817,-79.275,0.176,12
904,POINT(-79.48828 43.65873),43.659,-79.488,0.027,13
905,POINT(-79.50733 43.6069),43.607,-79.507,0.036,14
906,POINT(-79.3212 43.72554),43.726,-79.321,0.02,15
909,POINT(-79.31556 43.72235),43.722,-79.316,0.035,18
911,POINT(-79.38246 43.63991),43.64,-79.382,0.02,23
913,POINT(-79.43737 43.71757),43.718,-79.437,0.038,26
915,POINT(-79.49269 43.72005),43.72,-79.493,0.08,1188
917,POINT(-79.43275 43.63191),43.632,-79.433,0.065,42
921,POINT(-79.53176 43.61672),43.617,-79.532,0.043,380
926,POINT(-79.34122 43.65351),43.654,-79.341,0.072,243
930,POINT(-79.49449 43.78134),43.781,-79.494,0.032,131
931,POINT(-79.28187 43.76876),43.769,-79.282,0.048,52
963,POINT(-79.54153 43.63457),43.635,-79.542,0.093,13
965,POINT(-79.40292 43.63579),43.636,-79.403,0.021,16
969,POINT(-79.45632 43.72078),43.721,-79.456,0.027,25
970,POINT(-79.46259 43.69458),43.695,-79.463,0.079,28
974,POINT(-79.62422 43.7348),43.735,-79.624,0.054,54
978,POINT(-79.52062 43.60697),43.607,-79.521,0.032,54
979,POINT(-79.38943 43.65759),43.658,-79.389,0.024,31
980,POINT(-79.49398 43.77534),43.775,-79.494,0.094,110
1015,POINT(-79.37553 43.76936),43.769,-79.376,0.022,10
1020,POINT(-79.40582 43.74026),43.74,-79.406,0.022,12
1022,POINT(-79.3067 43.7346),43.735,-79.307,0.041,13
1030,POINT(-79.26104 43.79504),43.795,-79.261,0.037,26
1031,POINT(-79.38767 43.76305),43.763,-79.388,0.03,577
1032,POINT(-79.33732 43.655),43.655,-79.337,0.05,256
1033,POINT(-79.30471 43.7299),43.73,-79.305,0.164,43
1037,POINT(-79.54976 43.61336),43.613,-79.55,0.022,59
1038,POINT(-79.50969 43.66092),43.661,-79.51,0.136,148
1039,POINT(-79.48358 43.73339),43.733,-79.484,0.074,99
1064,POINT(-79.48928 43.76607),43.766,-79.489,0.035,11
1066,POINT(-79.34929 43.71303),43.713,-79.349,0.157,12
1067,POINT(-79.37267 43.64263),43.643,-79.373,0.021,14
1115,POINT(-79.47317 43.67827),43.678,-79.473,0.029,16
1116,POINT(-79.27849 43.73187),43.732,-79.278,0.073,16
1117,POINT(-79.31628 43.79667),43.797,-79.316,0.061,18
1123,POINT(-79.54149 43.74797),43.748,-79.541,0.053,45
1127,POINT(-79.37035 43.64344),43.643,-79.37,0.268,292
1129,POINT(-79.27108 43.76782),43.768,-79.271,0.024,37
1171,POINT(-79.28512 43.72858),43.729,-79.285,0.063,10
1173,POINT(-79.44095 43.67291),43.673,-79.441,0.029,12
1174,POINT(-79.26265 43.80881),43.809,-79.263,0.078,15
1175,POINT(-79.35047 43.71675),43.717,-79.35,0.024,16
1179,POINT(-79.56668 43.70405),43.704,-79.567,0.06,21
1180,POINT(-79.5363 43.72985),43.73,-79.536,0.023,22
1181,POINT(-79.33802 43.71845),43.718,-79.338,0.052,23
1183,POINT(-79.43605 43.69881),43.699,-79.436,0.033,85
1184,POINT(-79.34541 43.65184),43.652,-79.345,0.062,75
1185,POINT(-79.37706 43.76496),43.765,-79.377,0.02,265
1186,POINT(-79.54167 43.61512),43.615,-79.542,0.031,280
1187,POINT(-79.24367 43.80844),43.808,-79.244,0.021,31
1189,POINT(-79.53624 43.7535),43.754,-79.536,0.038,217
1190,POINT(-79.28753 43.72761),43.728,-79.288,0.092,177
1191,POINT(-79.26487 43.72516),43.725,-79.265,0.223,62
1192,POINT(-79.62518 43.74033),43.74,-79.625,0.564,35
1196,POINT(-79.49251 43.72014),43.72,-79.493,0.126,1453
1197,POINT(-79.53876 43.71264),43.713,-79.539,0.047,1102
1219,POINT(-79.57023 43.76043),43.76,-79.57,0.056,14
1222,POINT(-79.56247 43.74787),43.748,-79.562,0.03,16
1224,POINT(-79.24659 43.78517),43.785,-79.247,0.055,17
1226,POINT(-79.47001 43.78526),43.785,-79.47,0.059,19
1229,POINT(-79.48248 43.72863),43.729,-79.482,0.025,21
1230,POINT(-79.45157 43.7002),43.7,-79.452,0.033,23
1232,POINT(-79.36437 43.65493),43.655,-79.364,0.021,27
1233,POINT(-79.25172 43.77309),43.773,-79.252,0.027,27
1234,POINT(-79.36605 43.64658),43.647,-79.366,0.033,217
1235,POINT(-79.54448 43.61418),43.614,-79.544,0.033,53
1238,POINT(-79.48952 43.6869),43.687,-79.49,0.031,40
1240,POINT(-79.4932 43.77193),43.772,-79.493,0.4,513
1241,POINT(-79.29296 43.71977),43.72,-79.293,0.518,34
1242,POINT(-79.42959 43.71838),43.718,-79.43,0.074,78
1243,POINT(-79.48835 43.76449),43.764,-79.488,0.041,88
1244,POINT(-79.55383 43.71231),43.712,-79.554,0.038,30
1245,POINT(-79.47028 43.78697),43.787,-79.47,0.024,46
1247,POINT(-79.43205 43.73685),43.737,-79.432,0.148,1916
1248,POINT(-79.2948 43.74553),43.746,-79.295,0.027,77
1287,POINT(-79.4752 43.69649),43.696,-79.475,0.022,11
1289,POINT(-79.54323 43.75539),43.755,-79.543,0.071,14
1301,POINT(-79.46631 43.76612),43.766,-79.466,0.037,28
1302,POINT(-79.61982 43.74162),43.742,-79.62,0.063,28
1305,POINT(-79.40717 43.80082),43.801,-79.407,0.208,87
1307,POINT(-79.35826 43.70713),43.707,-79.358,0.59,36
1312,POINT(-79.25594 43.77121),43.771,-79.256,0.091,44
1315,POINT(-79.52944 43.7145),43.715,-79.529,0.023,139
1322,POINT(-79.39351 43.64249),43.642,-79.394,0.022,49
1365,POINT(-79.40167 43.80212),43.802,-79.402,0.052,16
1366,POINT(-79.42769 43.79647),43.796,-79.428,0.04,16
1367,POINT(-79.56105 43.61324),43.613,-79.561,0.026,17
1372,POINT(-79.3922 43.67431),43.674,-79.392,0.042,21
1373,POINT(-79.44678 43.71549),43.715,-79.447,0.021,23
1374,POINT(-79.30179 43.76478),43.765,-79.302,0.025,26
1377,POINT(-79.41972 43.79802),43.798,-79.42,0.038,45
1378,POINT(-79.27394 43.71367),43.714,-79.274,0.106,43
1379,POINT(-79.44591 43.6852),43.685,-79.446,0.038,30
1380,POINT(-79.43753 43.73362),43.734,-79.438,0.021,274
1381,POINT(-79.59071 43.70672),43.707,-79.591,0.106,123
1383,POINT(-79.52232 43.73736),43.737,-79.522,0.176,87
1384,POINT(-79.54183 43.74946),43.749,-79.542,0.129,44
1385,POINT(-79.3096 43.7424),43.742,-79.31,0.024,41
1387,POINT(-79.5401 43.74169),43.742,-79.54,0.171,99
1422,POINT(-79.57177 43.76014),43.76,-79.572,0.026,10
1425,POINT(-79.51951 43.63441),43.634,-79.52,0.022,11
1426,POINT(-79.29989 43.71818),43.718,-79.3,0.052,12
1431,POINT(-79.43192 43.72868),43.729,-79.432,0.026,14
1435,POINT(-79.31886 43.72595),43.726,-79.319,0.02,19
1438,POINT(-79.318 43.72612),43.726,-79.318,0.047,26
1439,POINT(-79.57927 43.68963),43.69,-79.579,0.043,28
1440,POINT(-79.4575 43.7262),43.726,-79.457,0.022,34
1441,POINT(-79.2973 43.72596),43.726,-79.297,0.048,46
1442,POINT(-79.3248 43.7246),43.725,-79.325,0.093,119
1449,POINT(-79.49124 43.66592),43.666,-79.491,0.036,81
1450,POINT(-79.29045 43.73479),43.735,-79.29,0.094,53
1480,POINT(-79.43329 43.73449),43.734,-79.433,0.032,12
1481,POINT(-79.47676 43.70299),43.703,-79.477,0.026,12
1482,POINT(-79.46721 43.77007),43.77,-79.467,0.024,12
1488,POINT(-79.37553 43.6668),43.667,-79.376,0.022,15
1490,POINT(-79.4198 43.73437),43.734,-79.42,0.025,16
1491,POINT(-79.19385 43.78813),43.788,-79.194,0.044,17
1496,POINT(-79.48922 43.75646),43.756,-79.489,0.047,20
1498,POINT(-79.54582 43.76715),43.767,-79.546,0.029,23
1501,POINT(-79.37571 43.76521),43.765,-79.376,0.02,174
1503,POINT(-79.5421 43.75208),43.752,-79.542,0.086,134
1505,POINT(-79.51998 43.60556),43.606,-79.52,0.132,58
1508,POINT(-79.6105 43.7342),43.734,-79.61,0.032,33
1510,POINT(-79.299 43.75607),43.756,-79.299,0.163,41
1512,POINT(-79.36455 43.76618),43.766,-79.365,0.02,399
1513,POINT(-79.48836 43.62601),43.626,-79.488,0.095,770
1514,POINT(-79.57836 43.7013),43.701,-79.578,0.425,571
1515,POINT(-79.3151 43.75775),43.758,-79.315,0.024,43
1548,POINT(-79.349 43.72264),43.723,-79.349,0.056,11
1552,POINT(-79.36446 43.71374),43.714,-79.364,0.02,13
1554,POINT(-79.47686 43.68978),43.69,-79.477,0.048,15
1556,POINT(-79.58023 43.68927),43.689,-79.58,0.027,17
1557,POINT(-79.23049 43.77312),43.773,-79.23,0.043,17
1558,POINT(-79.54303 43.75345),43.753,-79.543,0.03,17
1561,POINT(-79.39338 43.70809),43.708,-79.393,0.024,20
1563,POINT(-79.63827 43.75022),43.75,-79.638,0.022,23
1564,POINT(-79.44244 43.71218),43.712,-79.442,0.049,31
1565,POINT(-79.46874 43.77618),43.776,-79.469,0.12,162
1568,POINT(-79.45785 43.72784),43.728,-79.458,0.031,574
1570,POINT(-79.29282 43.70149),43.701,-79.293,0.097,33
1571,POINT(-79.50561 43.70946),43.709,-79.506,0.047,30
1572,POINT(-79.46883 43.77704),43.777,-79.469,0.099,61
1573,POINT(-79.46716 43.76912),43.769,-79.467,0.048,84
1576,POINT(-79.53758 43.71941),43.719,-79.538,0.062,40
1577,POINT(-79.3314 43.76757),43.768,-79.331,0.043,391
1617,POINT(-79.50492 43.74085),43.741,-79.505,0.047,10
1624,POINT(-79.37824 43.66616),43.666,-79.378,0.027,14
1626,POINT(-79.4676 43.77187),43.772,-79.468,0.025,19
1628,POINT(-79.36044 43.75499),43.755,-79.36,0.029,21
1630,POINT(-79.2985 43.68894),43.689,-79.298,0.098,22
1631,POINT(-79.32415 43.6538),43.654,-79.324,0.153,26
1632,POINT(-79.41566 43.70313),43.703,-79.416,0.052,27
1636,POINT(-79.4864 43.74501),43.745,-79.486,0.065,125
1637,POINT(-79.55649 43.61507),43.615,-79.556,0.057,50
1640,POINT(-79.49379 43.70479),43.705,-79.494,0.033,47
1643,POINT(-79.38686 43.76336),43.763,-79.387,0.025,466
1691,POINT(-79.37855 43.71926),43.719,-79.379,0.035,13
1692,POINT(-79.52917 43.62644),43.626,-79.529,0.02,14
1694,POINT(-79.44261 43.67674),43.677,-79.443,0.035,15
1696,POINT(-79.45808 43.73193),43.732,-79.458,0.02,17
1697,POINT(-79.33738 43.71675),43.717,-79.337,0.042,17
1699,POINT(-79.4707 43.67106),43.671,-79.471,0.041,21
1700,POINT(-79.36828 43.79001),43.79,-79.368,0.037,21
1701,POINT(-79.29733 43.75201),43.752,-79.297,0.07,21
1702,POINT(-79.32445 43.74086),43.741,-79.324,0.031,26
1703,POINT(-79.37308 43.65347),43.653,-79.373,0.02,27
1704,POINT(-79.52098 43.71518),43.715,-79.521,0.169,1057
1705,POINT(-79.43306 43.71853),43.719,-79.433,0.064,59
1706,POINT(-79.41907 43.70242),43.702,-79.419,0.054,47
1707,POINT(-79.41032 43.75926),43.759,-79.41,0.049,124
1708,POINT(-79.46657 43.71139),43.711,-79.467,0.038,80
1709,POINT(-79.53587 43.7527),43.753,-79.536,0.036,35
1713,POINT(-79.58737 43.71524),43.715,-79.587,0.047,37
1758,POINT(-79.41658 43.70286),43.703,-79.417,0.046,12
1762,POINT(-79.44155 43.755),43.755,-79.442,0.038,17
1767,POINT(-79.54048 43.6179),43.618,-79.54,0.036,23
1768,POINT(-79.51802 43.75769),43.758,-79.518,0.027,26
1769,POINT(-79.48853 43.75382),43.754,-79.489,0.043,26
1770,POINT(-79.54041 43.74291),43.743,-79.54,0.088,27
1774,POINT(-79.36191 43.7635),43.764,-79.362,0.022,70
1776,POINT(-79.55142 43.61507),43.615,-79.551,0.032,305
1777,POINT(-79.46085 43.71276),43.713,-79.461,0.062,36
1778,POINT(-79.26816 43.73207),43.732,-79.268,0.039,33
1779,POINT(-79.34404 43.71892),43.719,-79.344,0.284,124
1781,POINT(-79.27338 43.69361),43.694,-79.273,0.054,31
1810,POINT(-79.40687 43.69906),43.699,-79.407,0.043,10
1811,POINT(-79.5124 43.73684),43.737,-79.512,0.065,11
1812,POINT(-79.57741 43.71277),43.713,-79.577,0.02,11
1813,POINT(-79.35788 43.79206),43.792,-79.358,0.038,12
1818,POINT(-79.54345 43.75753),43.758,-79.543,0.028,21
1821,POINT(-79.49987 43.68798),43.688,-79.5,0.093,38
1822,POINT(-79.40846 43.70459),43.705,-79.408,0.03,40
1825,POINT(-79.45485 43.71409),43.714,-79.455,0.023,40
1859,POINT(-79.2451 43.73006),43.73,-79.245,0.071,11
1865,POINT(-79.52373 43.77494),43.775,-79.524,0.029,13
1867,POINT(-79.48545 43.65176),43.652,-79.485,0.054,17
1871,POINT(-79.23846 43.79357),43.794,-79.238,0.03,130
1872,POINT(-79.36613 43.81),43.81,-79.366,0.088,48
1876,POINT(-79.42527 43.77763),43.778,-79.425,0.106,36
1877,POINT(-79.49262 43.77022),43.77,-79.493,0.119,133
1879,POINT(-79.53351 43.7539),43.754,-79.534,0.026,48
1907,POINT(-79.43015 43.72053),43.721,-79.43,0.043,10
1912,POINT(-79.38098 43.67161),43.672,-79.381,0.024,14
1913,POINT(-79.55819 43.76342),43.763,-79.558,0.033,16
1914,POINT(-79.50073 43.69075),43.691,-79.501,0.031,18
1915,POINT(-79.40589 43.69857),43.699,-79.406,0.041,18
1917,POINT(-79.43064 43.72354),43.724,-79.431,0.051,19
1919,POINT(-79.39606 43.64797),43.648,-79.396,0.023,26
1925,POINT(-79.53028 43.61728),43.617,-79.53,0.081,341
1926,POINT(-79.34917 43.65373),43.654,-79.349,0.063,109
1927,POINT(-79.35004 43.71963),43.72,-79.35,0.179,54
1928,POINT(-79.4936 43.67139),43.671,-79.494,0.086,48
1930,POINT(-79.19941 43.75682),43.757,-79.199,0.088,30
1932,POINT(-79.29151 43.79057),43.791,-79.292,0.101,48
1933,POINT(-79.4865 43.74447),43.744,-79.486,0.031,74
1934,POINT(-79.59776 43.69169),43.692,-79.598,0.049,30
1935,POINT(-79.55286 43.70896),43.709,-79.553,0.028,455
1962,POINT(-79.26822 43.70705),43.707,-79.268,0.023,10
1963,POINT(-79.60091 43.69884),43.699,-79.601,0.067,10
1965,POINT(-79.42056 43.73759),43.738,-79.421,0.026,13
1969,POINT(-79.38615 43.75777),43.758,-79.386,0.026,16
1972,POINT(-79.40424 43.64781),43.648,-79.404,0.023,17
1973,POINT(-79.42383 43.72056),43.721,-79.424,0.045,17
1976,POINT(-79.50743 43.66186),43.662,-79.507,0.047,20
1978,POINT(-79.31412 43.7189),43.719,-79.314,0.052,41
1979,POINT(-79.39325 43.64091),43.641,-79.393,0.022,66
1980,POINT(-79.53738 43.7207),43.721,-79.537,0.056,38
1982,POINT(-79.27762 43.77066),43.771,-79.278,0.071,74
1983,POINT(-79.45213 43.70282),43.703,-79.452,0.138,134
1985,POINT(-79.58019 43.71252),43.713,-79.58,0.048,31
1986,POINT(-79.32576 43.72434),43.724,-79.326,0.035,47
1990,POINT(-79.52653 43.6205),43.621,-79.527,0.052,146
2018,POINT(-79.20753 43.80868),43.809,-79.208,0.405,10
2021,POINT(-79.36602 43.79024),43.79,-79.366,0.035,13
2023,POINT(-79.37941 43.64562),43.646,-79.379,0.024,15
2024,POINT(-79.34113 43.65788),43.658,-79.341,0.022,17
2025,POINT(-79.37185 43.6507),43.651,-79.372,0.022,17
2027,POINT(-79.52537 43.64913),43.649,-79.525,0.026,18
2032,POINT(-79.22022 43.73584),43.736,-79.22,0.056,27
2034,POINT(-79.41541 43.77975),43.78,-79.415,0.023,40
2035,POINT(-79.62173 43.74681),43.747,-79.622,0.028,41
2036,POINT(-79.2453 43.755),43.755,-79.245,0.023,30
2037,POINT(-79.50858 43.72071),43.721,-79.509,0.041,91
2038,POINT(-79.52931 43.75481),43.755,-79.529,0.028,38
2040,POINT(-79.27099 43.69498),43.695,-79.271,0.156,39
2041,POINT(-79.46506 43.76061),43.761,-79.465,0.053,67
2042,POINT(-79.538 43.77207),43.772,-79.538,0.025,38
2043,POINT(-79.53801 43.73317),43.733,-79.538,0.034,38
2044,POINT(-79.54351 43.71927),43.719,-79.544,0.255,167
2086,POINT(-79.55138 43.61016),43.61,-79.551,0.022,10
2087,POINT(-79.26392 43.77708),43.777,-79.264,0.036,11
2088,POINT(-79.30148 43.8114),43.811,-79.301,0.032,12
2093,POINT(-79.44068 43.76512),43.765,-79.441,0.086,17
2097,POINT(-79.58176 43.74305),43.743,-79.582,0.022,20
2098,POINT(-79.28069 43.76478),43.765,-79.281,0.023,21
2100,POINT(-79.43009 43.71926),43.719,-79.43,0.031,52
2102,POINT(-79.55452 43.62288),43.623,-79.555,0.037,457
2103,POINT(-79.33658 43.76224),43.762,-79.337,0.028,190
2104,POINT(-79.46756 43.67254),43.673,-79.468,0.023,39
2110,POINT(-79.33065 43.75997),43.76,-79.331,0.163,85
2145,POINT(-79.38089 43.66569),43.666,-79.381,0.027,11
2146,POINT(-79.55016 43.7248),43.725,-79.55,0.031,11
2149,POINT(-79.28549 43.69718),43.697,-79.285,0.12,13
2154,POINT(-79.46496 43.78836),43.788,-79.465,0.04,17
2155,POINT(-79.51976 43.6358),43.636,-79.52,0.037,18
2157,POINT(-79.57795 43.70142),43.701,-79.578,0.041,20
2159,POINT(-79.25158 43.77183),43.772,-79.252,0.021,25
2160,POINT(-79.60065 43.75846),43.758,-79.601,0.045,28
2161,POINT(-79.24261 43.81261),43.813,-79.243,0.027,35
2162,POINT(-79.51752 43.75678),43.757,-79.518,0.043,29
2163,POINT(-79.54428 43.59119),43.591,-79.544,0.148,35
2164,POINT(-79.2915 43.80254),43.803,-79.291,0.671,175
2167,POINT(-79.40557 43.69768),43.698,-79.406,0.047,35
2168,POINT(-79.36728 43.64639),43.646,-79.367,0.031,129
2169,POINT(-79.34512 43.81469),43.815,-79.345,0.11,88
2171,POINT(-79.55678 43.71887),43.719,-79.557,0.086,29
2172,POINT(-79.53769 43.71273),43.713,-79.538,0.15,3487
2213,POINT(-79.27245 43.74306),43.743,-79.272,0.054,11
2215,POINT(-79.60076 43.73484),43.735,-79.601,0.025,13
2218,POINT(-79.57077 43.75874),43.759,-79.571,0.048,19
2219,POINT(-79.39043 43.70846),43.708,-79.39,0.032,20
2220,POINT(-79.35882 43.67633),43.676,-79.359,0.02,20
2222,POINT(-79.50456 43.70578),43.706,-79.505,0.046,21
2224,POINT(-79.51503 43.74696),43.747,-79.515,0.075,22
2226,POINT(-79.36011 43.75358),43.754,-79.36,0.037,24
2232,POINT(-79.33892 43.73808),43.738,-79.339,0.125,86
2234,POINT(-79.46921 43.77843),43.778,-79.469,0.052,30
2274,POINT(-79.3862 43.66061),43.661,-79.386,0.043,11
2276,POINT(-79.45253 43.70439),43.704,-79.453,0.022,12
2278,POINT(-79.48924 43.70194),43.702,-79.489,0.026,13
2280,POINT(-79.26054 43.79364),43.794,-79.261,0.031,14
2282,POINT(-79.45485 43.6415),43.642,-79.455,0.041,16
2283,POINT(-79.47601 43.78572),43.786,-79.476,0.07,18
2293,POINT(-79.58136 43.71397),43.714,-79.581,0.023,63
2294,POINT(-79.35621 43.64911),43.649,-79.356,0.022,124
2298,POINT(-79.35943 43.7148),43.715,-79.359,0.052,39
2332,POINT(-79.40164 43.63597),43.636,-79.402,0.02,10
2333,POINT(-79.60076 43.7431),43.743,-79.601,0.038,11
2334,POINT(-79.36198 43.76424),43.764,-79.362,0.031,13
2336,POINT(-79.48902 43.75532),43.755,-79.489,0.032,13
2344,POINT(-79.50592 43.60695),43.607,-79.506,0.026,22
2345,POINT(-79.5364 43.72481),43.725,-79.536,0.044,26
2348,POINT(-79.61275 43.75341),43.753,-79.613,0.175,168
2349,POINT(-79.44747 43.68892),43.689,-79.447,0.254,118
2355,POINT(-79.36309 43.7663),43.766,-79.363,0.242,4849
2358,POINT(-79.38509 43.64823),43.648,-79.385,0.028,44
2361,POINT(-79.38163 43.72894),43.729,-79.382,0.134,105
2396,POINT(-79.48576 43.68771),43.688,-79.486,0.038,11
2397,POINT(-79.47627 43.76336),43.763,-79.476,0.047,12
2404,POINT(-79.30798 43.67387),43.674,-79.308,0.029,19
2405,POINT(-79.43423 43.7374),43.737,-79.434,0.03,22
2407,POINT(-79.34019 43.81591),43.816,-79.34,0.109,24
2408,POINT(-79.49334 43.77254),43.773,-79.493,0.055,26
2410,POINT(-79.43892 43.66847),43.668,-79.439,0.027,39
2412,POINT(-79.40425 43.76306),43.763,-79.404,0.094,48
2415,POINT(-79.55003 43.61548),43.615,-79.55,0.108,808
2417,POINT(-79.42956 43.71925),43.719,-79.43,0.029,41
2418,POINT(-79.37704 43.71129),43.711,-79.377,0.04,29
2419,POINT(-79.5311 43.61679),43.617,-79.531,0.122,681
2450,POINT(-79.29268 43.79354),43.794,-79.293,0.043,14
2453,POINT(-79.32635 43.74057),43.741,-79.326,0.025,16
2455,POINT(-79.52954 43.73573),43.736,-79.53,0.02,18
2457,POINT(-79.49769 43.68121),43.681,-79.498,0.037,19
2458,POINT(-79.42528 43.70116),43.701,-79.425,0.035,21
2459,POINT(-79.52626 43.61963),43.62,-79.526,0.03,22
2464,POINT(-79.46226 43.69319),43.693,-79.462,0.047,27
2467,POINT(-79.25849 43.73451),43.735,-79.258,0.066,36
2469,POINT(-79.4456 43.71573),43.716,-79.446,0.026,31
2472,POINT(-79.34134 43.73765),43.738,-79.341,0.073,86
2473,POINT(-79.57908 43.70964),43.71,-79.579,0.064,30
2474,POINT(-79.35333 43.69647),43.696,-79.353,0.02,57
2476,POINT(-79.47666 43.63096),43.631,-79.477,0.024,170
2501,POINT(-79.2617 43.82816),43.828,-79.262,0.059,10
2506,POINT(-79.4181 43.7027),43.703,-79.418,0.026,14
2508,POINT(-79.29601 43.74848),43.748,-79.296,0.03,16
2512,POINT(-79.49927 43.66584),43.666,-79.499,0.021,21
2513,POINT(-79.44288 43.77405),43.774,-79.443,0.027,25
2519,POINT(-79.39991 43.63696),43.637,-79.4,0.03,91
2523,POINT(-79.33874 43.65467),43.655,-79.339,0.028,139
2526,POINT(-79.53491 43.75356),43.754,-79.535,0.047,92
2527,POINT(-79.38245 43.64507),43.645,-79.382,0.029,80
2530,POINT(-79.32509 43.65506),43.655,-79.325,0.202,62
2563,POINT(-79.40205 43.66305),43.663,-79.402,0.08,11
2568,POINT(-79.34678 43.75),43.75,-79.347,0.041,16
2569,POINT(-79.51297 43.73968),43.74,-79.513,0.028,17
2573,POINT(-79.41562 43.67666),43.677,-79.416,0.021,27
2574,POINT(-79.31368 43.72594),43.726,-79.314,0.029,57
2575,POINT(-79.32331 43.72486),43.725,-79.323,0.125,185
2578,POINT(-79.47594 43.68085),43.681,-79.476,0.02,31
2579,POINT(-79.30273 43.72476),43.725,-79.303,0.074,106
2580,POINT(-79.49806 43.71909),43.719,-79.498,0.021,365
2581,POINT(-79.41989 43.7446),43.745,-79.42,0.06,1162
2582,POINT(-79.31511 43.66574),43.666,-79.315,0.048,29
2586,POINT(-79.28958 43.73299),43.733,-79.29,0.047,47
2587,POINT(-79.13511 43.8036),43.804,-79.135,0.024,248
2591,POINT(-79.18347 43.80561),43.806,-79.183,0.111,34
2617,POINT(-79.30191 43.72336),43.723,-79.302,0.063,10
2620,POINT(-79.6327 43.75128),43.751,-79.633,0.031,12
2621,POINT(-79.53316 43.7017),43.702,-79.533,0.12,13
2623,POINT(-79.42541 43.70066),43.701,-79.425,0.024,17
2624,POINT(-79.56652 43.74006),43.74,-79.567,0.048,18
2626,POINT(-79.41711 43.72612),43.726,-79.417,0.034,20
2635,POINT(-79.54766 43.69935),43.699,-79.548,0.107,79
2636,POINT(-79.19423 43.78927),43.789,-79.194,0.095,61
2641,POINT(-79.43769 43.77486),43.775,-79.438,0.197,62
2670,POINT(-79.34415 43.77984),43.78,-79.344,0.041,13
2671,POINT(-79.24376 43.80721),43.807,-79.244,0.038,13
2673,POINT(-79.55129 43.70706),43.707,-79.551,0.025,18
2681,POINT(-79.31884 43.75798),43.758,-79.319,0.173,59
2683,POINT(-79.46328 43.7499),43.75,-79.463,0.021,59
2684,POINT(-79.44739 43.72518),43.725,-79.447,0.087,151
2685,POINT(-79.53871 43.77197),43.772,-79.539,0.04,42
2715,POINT(-79.48834 43.75255),43.753,-79.488,0.051,10
2716,POINT(-79.54799 43.60841),43.608,-79.548,0.021,11
2718,POINT(-79.45638 43.64529),43.645,-79.456,0.03,14
2721,POINT(-79.32635 43.69838),43.698,-79.326,0.048,19
2724,POINT(-79.49088 43.68665),43.687,-79.491,0.054,25
2726,POINT(-79.38798 43.76633),43.766,-79.388,0.021,34
2727,POINT(-79.55937 43.60521),43.605,-79.559,0.039,294
2728,POINT(-79.36365 43.81059),43.811,-79.364,0.083,45
2731,POINT(-79.3025 43.72349),43.723,-79.302,0.039,29
2732,POINT(-79.32248 43.77404),43.774,-79.322,0.128,107
2733,POINT(-79.54775 43.69958),43.7,-79.548,0.213,118
2737,POINT(-79.36704 43.71311),43.713,-79.367,0.093,34
2738,POINT(-79.48905 43.62587),43.626,-79.489,0.118,927
2740,POINT(-79.29864 43.75503),43.755,-79.299,0.08,35
2741,POINT(-79.48424 43.78387),43.784,-79.484,0.109,110
2781,POINT(-79.53175 43.73526),43.735,-79.532,0.023,10
2783,POINT(-79.3049 43.73028),43.73,-79.305,0.04,10
2792,POINT(-79.26575 43.75142),43.751,-79.266,0.034,22
2793,POINT(-79.60661 43.71999),43.72,-79.607,0.042,24
2795,POINT(-79.26733 43.75117),43.751,-79.267,0.08,25
2797,POINT(-79.42908 43.63142),43.631,-79.429,0.02,28
2829,POINT(-79.385 43.7523),43.752,-79.385,0.021,10
2831,POINT(-79.50486 43.60719),43.607,-79.505,0.2,11
2834,POINT(-79.57044 43.75836),43.758,-79.57,0.125,13
2839,POINT(-79.29441 43.8018),43.802,-79.294,0.048,18
2840,POINT(-79.56894 43.74595),43.746,-79.569,0.028,19
2843,POINT(-79.46608 43.70954),43.71,-79.466,0.064,26
2846,POINT(-79.55506 43.60912),43.609,-79.555,0.106,595
2847,POINT(-79.28353 43.77254),43.773,-79.284,0.06,183
2848,POINT(-79.3401 43.65388),43.654,-79.34,0.034,35
2849,POINT(-79.60122 43.73041),43.73,-79.601,0.047,52
2850,POINT(-79.25294 43.77601),43.776,-79.253,0.094,100
2851,POINT(-79.55519 43.7153),43.715,-79.555,0.043,29
2885,POINT(-79.46668 43.76852),43.769,-79.467,0.02,13
2886,POINT(-79.4485 43.7534),43.753,-79.448,0.068,14
2887,POINT(-79.61775 43.73695),43.737,-79.618,0.056,16
2889,POINT(-79.35047 43.77439),43.774,-79.35,0.093,18
2893,POINT(-79.55173 43.62992),43.63,-79.552,0.086,202
2894,POINT(-79.53199 43.75416),43.754,-79.532,0.022,34
2896,POINT(-79.30567 43.73195),43.732,-79.306,0.191,141
2898,POINT(-79.54289 43.75219),43.752,-79.543,0.048,103
2902,POINT(-79.27789 43.73014),43.73,-79.278,0.075,51
2904,POINT(-79.60339 43.73428),43.734,-79.603,0.023,34
2905,POINT(-79.49409 43.78142),43.781,-79.494,0.034,76
2906,POINT(-79.21194 43.79438),43.794,-79.212,0.072,394
2907,POINT(-79.43816 43.77481),43.775,-79.438,0.139,34
2909,POINT(-79.50137 43.60797),43.608,-79.501,0.396,59
2940,POINT(-79.36476 43.64537),43.645,-79.365,0.034,10
2942,POINT(-79.36761 43.78995),43.79,-79.368,0.03,10
2944,POINT(-79.37116 43.66146),43.661,-79.371,0.069,11
2946,POINT(-79.44857 43.67146),43.671,-79.449,0.025,13
2947,POINT(-79.37096 43.64326),43.643,-79.371,0.038,14
2948,POINT(-79.46359 43.78857),43.789,-79.464,0.025,20
2952,POINT(-80.60612 40.47419),40.474,-80.606,0.195,33
